Player Name,Likes,Inj,Pos,Salary,Team,Opp,Rest,PS,USG,PER,Opp Pace,Opp DEff,Opp DvP,L2 FGA,L5 FGA,S FGA,L2 Min,L5 Min,S Min,L5 FP,S FP,Floor FP,Ceil FP,Proj Min,Proj FP,Proj Val,Actual Min,Actual FP,Actual Val
Giannis Antetokounmpo,5,,SF,12500,MIL,ATL,2,122,31,29,107,109,8%,14,16,17,30,33,35,56.1,56.3,43.5,69.2,33.0,57.4,4.6,19.4,49.6,4.0
Russell Westbrook,10,,PG,11600,OKC,@POR,1,111,33,20,102,107,-3%,22,23,20,35,37,35,56.9,53.9,43.9,64.0,35.5,54.1,4.7,37.1,52.3,4.5
LeBron James,,O,SF,11000,LAL,NYK,1,115,32,27,103,112,6%,17,18,20,37,36,35,51.2,50.8,38.2,63.5,0.0,0.0,0.0,0,0.0,0.0
Karl-Anthony Towns,7,,C,10600,MIN,ORL,1,109,27,23,100,107,-2%,22,20,17,37,38,35,65.7,47.1,31.5,62.6,36.5,53.0,5.0,31.8,56.0,5.3
Paul George,10,,SF,10200,OKC,@POR,1,111,30,24,102,107,11%,25,25,21,34,36,36,49.1,49.0,38.1,59.8,36.0,48.6,4.8,36.7,49.6,4.9
Nikola Vucevic,4,,C,9800,ORL,@MIN,1,105,27,26,103,108,-5%,14,16,16,25,31,31,49.5,44.9,32.4,57.4,33.5,44.9,4.6,27.3,39.9,4.1
Brad Beal,2,,SG,9700,WAS,@MIA,1,103,27,19,102,104,-1%,20,20,19,37,36,38,39.9,40.8,30.5,51.2,37.5,41.5,4.3,40,49.3,5.1
Jusuf Nurkic,3,,C,9100,POR,OKC,2,112,25,23,106,100,-6%,11,13,11,29,30,27,46.4,37.1,24.1,50.1,31.0,42.1,4.6,30.2,43.1,4.7
Kyrie Irving,,O,PG,9000,BOS,DAL,1,109,30,25,103,106,4%,15,18,18,32,34,33,46.2,43.2,30.6,55.8,0.0,0.0,0.0,0,0.0,0.0
Damian Lillard,3,,PG,8800,POR,OKC,2,112,31,24,106,100,-11%,22,22,20,40,39,36,40.3,43.0,32.2,53.9,35.5,42.3,4.8,35.6,37.0,4.2
Rudy Gobert,1,,C,8800,UTA,@CLE,2,109,17,24,99,113,-10%,10,11,9,29,32,32,43.7,40.9,31.3,50.6,33.0,38.4,4.4,30.8,40.4,4.6
Devin Booker,7,,SG,8800,PHO,LAC,1,115,32,20,104,109,-8%,19,20,21,34,35,37,46.6,42.1,32.3,51.9,36.5,44.5,5.1,37.1,28.6,3.3
Victor Oladipo,5,,SG,8800,IND,@CHI,3,104,28,19,101,107,0%,14,14,17,30,33,34,40.0,40.8,29.1,52.5,34.0,39.2,4.5,37,60.4,6.9
Mike Conley,3,,PG,8400,MEM,BKN,1,104,28,20,101,109,-6%,13,15,16,33,34,34,31.7,36.8,25.0,48.7,34.0,37.5,4.5,37.8,47.6,5.7
Marc Gasol,6,,C,8400,MEM,BKN,1,104,22,18,101,109,15%,10,12,13,33,34,35,40.5,39.3,28.0,50.6,34.5,41.8,5.0,34.1,35.3,4.2
John Collins,2,,PF,8300,ATL,@MIL,1,108,23,21,105,102,1%,15,14,14,32,32,31,36.6,35.3,26.2,44.3,30.5,36.2,4.4,25.6,28.4,3.4
Myles Turner,1,,C,8000,IND,@CHI,3,104,20,18,101,107,13%,10,12,11,24,29,28,41.5,33.2,21.8,44.6,30.0,35.8,4.5,26,10.9,1.4
Deandre Ayton,9,,C,8000,PHO,LAC,1,115,21,22,104,109,12%,15,14,13,34,35,32,42.0,37.5,27.4,47.6,33.5,41.9,5.2,27.4,13.5,1.7
Luka Doncic,2,,SG,7800,DAL,@BOS,1,104,28,18,102,103,-4%,18,17,15,30,32,33,40.0,36.3,28.7,43.8,32.0,34.1,4.4,28.9,32.8,4.2
D'Angelo Russell,2,,SG,7700,BKN,@MEM,1,100,31,17,97,104,-6%,23,18,17,34,30,29,35.4,33.6,21.0,46.2,30.0,31.8,4.1,35.5,41.8,5.4
Aaron Gordon,2,,PF,7600,ORL,@MIN,1,105,21,16,103,108,4%,16,12,13,35,36,34,33.9,33.0,22.6,43.4,36.0,34.8,4.6,31.2,26.6,3.5
Khris Middleton,4,,SG,7400,MIL,ATL,2,122,24,16,107,109,7%,15,15,15,31,32,32,33.2,33.0,25.6,40.4,31.5,34.9,4.7,22.1,34.2,4.6
Tobias Harris,7,,PF,7400,LAC,@PHO,2,119,23,19,102,111,-1%,11,14,16,34,32,35,32.2,35.8,27.4,44.2,33.5,34.8,4.7,36.2,27.9,3.8
Montrezl Harrell,4,,PF,7400,LAC,@PHO,2,119,22,25,102,111,-6%,14,12,10,24,25,26,32.8,32.3,20.7,43.9,26.5,34.7,4.7,22.8,30.3,4.1
Donovan Mitchell,3,,SG,7400,UTA,@CLE,2,109,30,14,99,113,3%,19,18,19,31,33,33,31.9,33.2,22.5,43.9,34.5,34.5,4.7,31.5,28.1,3.8
Lauri Markkanen,3,,PF,7300,CHI,IND,1,97,24,16,101,101,-1%,13,15,15,34,32,31,31.1,32.3,21.8,42.8,33.0,34.3,4.7,41.7,37.8,5.2
Danilo Gallinari,3,,SF,7300,LAC,@PHO,2,119,22,21,102,111,-1%,15,13,13,31,31,32,35.3,32.8,25.3,40.2,33.5,34.6,4.7,36.6,42.4,5.8
Eric Bledsoe,3,,PG,7200,MIL,ATL,2,122,23,19,107,109,13%,11,10,12,27,29,30,25.1,32.2,22.6,41.9,30.0,34.0,4.7,22.1,30.6,4.3
Kris Dunn,3,,PG,7200,CHI,IND,1,97,24,15,101,101,-11%,14,12,13,30,30,31,34.4,31.5,22.0,41.1,33.0,33.6,4.7,40.3,45.5,6.3
Josh Richardson,2,,SF,7200,MIA,WAS,1,109,24,15,104,110,-3%,15,14,16,34,35,36,33.1,33.2,25.2,41.1,35.0,33.1,4.6,37.1,32.5,4.5
Steven Adams,3,,C,7100,OKC,@POR,1,111,17,20,102,107,-4%,9,9,11,35,36,34,35.2,36.0,28.4,43.6,35.0,34.1,4.8,33.8,33.9,4.8
Domas Sabonis,3,,PF,7000,IND,@CHI,3,104,24,24,101,107,13%,12,11,9,27,25,25,32.4,31.6,22.8,40.5,25.5,31.9,4.6,30.6,42.9,6.1
Justise Winslow,1,,SF,7000,MIA,WAS,1,109,21,12,104,110,-3%,13,15,11,28,31,29,37.8,26.3,14.9,37.7,30.5,30.4,4.3,31.3,30.6,4.4
Hassan Whiteside,6,,C,7000,MIA,WAS,1,109,22,21,104,110,4%,9,10,11,26,26,27,29.4,38.0,24.4,51.6,27.0,37.3,5.3,29.5,49.6,7.1
Ricky Rubio,1,,PG,7000,UTA,@CLE,2,109,24,12,99,113,13%,14,13,11,31,31,30,32.8,28.4,18.1,38.7,31.5,31.6,4.5,24.8,25.3,3.6
Derrick Rose,,O,PG,7000,MIN,ORL,1,109,27,20,100,107,-7%,22,18,16,39,31,31,34.9,31.6,19.8,43.3,0.0,0.0,0.0,0,0.0,0.0
Kyle Kuzma,1,O,PF,6900,LAL,NYK,1,115,23,15,103,112,14%,19,17,15,41,38,33,33.5,30.8,21.8,39.9,0.0,0.0,0.0,0,0.0,0.0
Brandon Ingram,13,,SF,6900,LAL,NYK,1,115,23,12,103,112,6%,17,15,14,40,35,33,32.0,27.5,19.2,35.9,39.5,39.3,5.7,36.7,34.3,5.0
Thomas Bryant,1,,C,6900,WAS,@MIA,1,103,15,22,102,104,-3%,10,7,5,38,27,18,30.7,18.8,5.6,32.1,34.0,33.0,4.8,23.3,16.0,2.3
Zach LaVine,6,,SG,6800,CHI,IND,1,97,31,18,101,101,-11%,14,15,19,30,31,35,27.1,36.7,27.5,45.9,34.0,32.3,4.8,34.6,43.5,6.4
Louis Williams,3,,SG,6800,LAC,@PHO,2,119,32,20,102,111,1%,17,16,14,29,27,26,38.4,28.7,19.6,37.8,27.0,31.2,4.6,27.8,31.6,4.6
DeAndre Jordan,0,,C,6800,DAL,@BOS,1,104,14,18,102,103,-7%,5,5,7,24,29,31,31.1,34.1,22.6,45.7,32.0,32.2,4.7,30.6,42.0,6.2
Lonzo Ball,7,,PG,6800,LAL,NYK,1,115,18,12,103,112,1%,9,11,9,33,34,30,30.0,26.5,14.9,38.2,36.0,35.3,5.2,33.7,30.2,4.4
Larry Nance Jr.,1,,PF,6700,CLE,UTA,1,100,16,20,102,104,-7%,7,9,7,29,30,26,37.0,28.7,16.0,41.4,27.0,30.3,4.5,30.6,28.3,4.2
Trae Young,2,,PG,6600,ATL,@MIL,1,108,29,13,105,102,-7%,9,11,14,29,30,30,31.3,29.9,19.7,40.0,29.0,29.4,4.5,31.5,35.6,5.4
Jeff Teague,2,,PG,6600,MIN,ORL,1,109,21,14,100,107,-7%,10,8,10,32,32,32,28.3,29.8,22.1,37.6,29.0,28.0,4.2,28.5,41.4,6.3
Robert Covington,,O,SF,6600,MIN,ORL,1,109,16,14,100,107,-1%,11,13,10,37,37,35,34.4,30.9,20.9,40.9,0.0,0.0,0.0,0,0.0,0.0
Derrick Favors,0,,PF,6500,UTA,@CLE,2,109,18,21,99,113,-2%,10,9,8,26,24,23,28.7,26.3,19.5,33.1,25.5,26.0,4.0,24.9,28.0,4.3
Andrew Wiggins,2,,SG,6500,MIN,ORL,1,109,23,12,100,107,-1%,20,17,16,41,38,35,29.1,29.3,20.2,38.5,38.5,33.5,5.2,33,21.2,3.3
Tyus Jones,1,,PG,6500,MIN,ORL,1,109,15,13,100,107,-7%,13,10,5,39,32,20,33.7,16.5,5.8,27.3,25.5,22.3,3.4,19.5,14.9,2.3
JaVale McGee,3,,C,6500,LAL,NYK,1,115,19,22,103,112,8%,12,9,9,22,21,23,30.6,29.7,20.2,39.1,23.5,32.2,5.0,24.9,32.3,5.0
Kent Bazemore,,O,SG,6400,ATL,@MIL,1,108,22,15,105,102,3%,14,16,12,27,30,28,33.0,29.6,18.2,40.9,0.0,0.0,0.0,0,0.0,0.0
Spencer Dinwiddie,,,PG,6400,BKN,@MEM,1,100,26,19,97,104,-6%,10,14,12,23,28,29,29.2,28.7,18.7,38.6,28.0,26.6,4.2,27.1,23.3,3.6
Josh Hart,6,,SG,6400,LAL,NYK,1,115,14,11,103,112,2%,15,11,8,39,35,27,31.1,20.1,9.8,30.4,37.0,29.8,4.7,33.2,26.4,4.1
Tomas Satoransky,2,,PG,6400,WAS,@MIA,1,103,14,14,102,104,-5%,11,8,5,35,30,21,24.4,16.3,5.6,27.0,35.0,26.1,4.1,33.4,19.5,3.0
C.J. McCollum,3,,SG,6400,POR,OKC,2,112,26,17,106,100,2%,19,18,18,33,35,34,29.0,31.4,21.9,40.9,34.0,32.5,5.1,31.9,18.9,3.0
Jaren Jackson,2,,PF,6300,MEM,BKN,1,104,22,18,101,109,-5%,10,11,10,24,26,26,24.9,27.4,14.8,40.0,28.0,29.2,4.6,30.8,29.8,4.7
Trevor Ariza,1,,SF,6300,WAS,@MIA,1,103,14,11,102,104,-2%,16,12,10,40,37,36,26.3,27.5,17.2,37.8,37.5,28.6,4.5,42.2,35.6,5.7
Noah Vonleh,4,,PF,6300,NYK,@LAL,2,108,14,15,106,105,-5%,7,9,6,29,33,27,33.5,25.9,15.4,36.4,32.0,29.4,4.7,17.1,32.5,5.2
Kyle Anderson,3,,SF,6200,MEM,BKN,1,104,13,13,101,109,-4%,11,8,7,35,33,30,30.3,25.0,15.5,34.5,34.5,28.4,4.6,37.7,40.2,6.5
T.J. Warren,7,,SF,6200,PHO,LAC,1,115,22,18,104,109,9%,13,15,14,27,33,31,28.7,29.7,16.7,42.6,34.0,33.0,5.3,29.1,35.4,5.7
Tim Hardaway Jr.,5,,SG,6100,NYK,@LAL,2,108,27,15,106,105,3%,13,14,17,32,33,33,27.3,30.2,19.7,40.7,33.5,30.2,5.0,38.4,32.2,5.3
Terry Rozier,6,,PG,6100,BOS,DAL,1,109,18,13,103,106,4%,10,8,8,26,21,23,22.1,20.3,10.9,29.8,33.5,34.1,5.6,27.7,30.5,5.0
Dwight Howard,,O,C,6100,WAS,@MIA,1,103,,,102,104,-3%,11,9,8,24,27,28,30.1,29.4,18.6,40.2,0.0,0.0,0.0,0,0.0,0.0
Jayson Tatum,5,,PF,6100,BOS,DAL,1,109,21,16,103,106,-5%,13,11,13,33,33,32,29.5,30.8,22.1,39.4,34.0,34.8,5.7,31.2,26.2,4.3
Al Horford,1,,C,6000,BOS,DAL,1,109,19,18,103,106,-3%,8,10,10,24,25,29,26.2,30.3,22.6,38.0,26.0,28.0,4.7,24.9,36.6,6.1
Jarrett Allen,,,C,6000,BKN,@MEM,1,100,17,20,97,104,-12%,6,7,8,26,23,27,24.7,28.4,19.2,37.6,26.5,26.2,4.4,26.1,34.4,5.7
Tristan Thompson,0,,C,6000,CLE,UTA,1,100,18,20,102,104,-1%,8,9,10,21,29,30,31.4,30.9,17.7,44.2,26.0,26.5,4.4,27.5,22.9,3.8
Rajon Rondo,,O,PG,6000,LAL,NYK,1,115,20,14,103,112,1%,7,6,8,21,19,24,19.9,24.5,13.8,35.1,0.0,0.0,0.0,0,0.0,0.0
Emmanuel Mudiay,4,,PG,5900,NYK,@LAL,2,108,25,16,106,105,-3%,16,16,12,28,30,27,29.3,26.1,13.8,38.5,29.5,27.8,4.7,33.2,31.4,5.3
Thaddeus Young,3,,PF,5900,IND,@CHI,3,104,17,15,101,107,0%,10,12,10,31,31,30,28.6,26.9,16.7,37.2,31.5,27.5,4.7,41.2,32.0,5.4
Harrison Barnes,,,SF,5900,DAL,@BOS,1,104,23,15,102,103,-7%,13,14,15,29,32,33,29.4,27.7,19.0,36.5,33.0,25.6,4.3,31.8,24.1,4.1
Wendell Carter,1,,PF,5900,CHI,IND,1,97,19,15,101,101,-1%,8,9,9,23,24,25,23.4,25.5,14.0,37.0,27.0,26.1,4.4,42.5,41.1,7.0
Darren Collison,,,PG,5900,IND,@CHI,3,104,17,15,101,107,4%,7,8,8,27,27,28,28.2,24.8,14.3,35.3,27.5,23.2,3.9,25,8.2,1.4
Jeff Green,1,,SF,5800,WAS,@MIA,1,103,16,15,102,104,-2%,13,11,8,37,36,27,30.7,22.2,11.5,32.9,33.5,24.3,4.2,35.3,20.7,3.6
Alex Len,,,C,5800,ATL,@MIL,1,108,22,15,105,102,-5%,18,16,9,26,26,21,33.7,21.6,9.6,33.6,24.0,23.4,4.0,21.4,29.1,5.0
Kevin Knox,6,,PF,5800,NYK,@LAL,2,108,22,10,106,105,3%,14,16,12,40,39,26,26.5,20.0,8.5,31.6,37.0,28.5,4.9,37,24.5,4.2
Joe Ingles,3,,SF,5800,UTA,@CLE,2,109,18,13,99,113,2%,9,10,10,32,32,31,28.6,26.9,18.2,35.6,33.0,27.7,4.8,27.3,31.3,5.4
Rondae Hollis-Jefferson,,O,PF,5700,BKN,@MEM,1,100,21,13,97,104,-5%,12,9,9,30,25,25,23.6,23.1,13.6,32.6,0.0,0.0,0.0,0,0.0,0.0
Al-Farouq Aminu,2,,PF,5700,POR,OKC,2,112,13,12,106,100,-3%,8,8,7,30,31,30,28.2,23.4,15.6,31.2,32.0,26.4,4.6,32.8,37.0,6.5
Gordon Hayward,3,,SF,5700,BOS,DAL,1,109,19,15,103,106,-5%,12,9,9,27,27,27,23.4,24.4,14.8,33.9,30.5,29.7,5.2,30.1,42.2,7.4
Malcolm Brogdon,2,,SG,5700,MIL,ATL,2,122,20,17,107,109,13%,11,11,12,28,28,30,27.2,26.6,19.3,34.0,28.0,27.4,4.8,19.5,24.6,4.3
Goran Dragic,,O,PG,5700,MIA,WAS,1,109,27,14,104,110,12%,11,12,13,19,26,29,25.0,26.7,15.0,38.4,0.0,0.0,0.0,0,0.0,0.0
Jerami Grant,3,,PF,5600,OKC,@POR,1,111,14,14,102,107,11%,11,11,9,32,33,31,29.7,25.1,17.4,32.7,34.0,26.7,4.8,27.6,18.4,3.3
Markieff Morris,,O,PF,5600,WAS,@MIA,1,103,19,13,102,104,-1%,12,11,10,31,26,26,22.5,23.2,11.7,34.7,0.0,0.0,0.0,0,0.0,0.0
Brook Lopez,1,,C,5600,MIL,ATL,2,122,17,14,107,109,10%,15,13,10,30,29,28,29.8,25.0,16.6,33.4,27.5,26.5,4.7,21.9,17.4,3.1
Dewayne Dedmon,,,C,5500,ATL,@MIL,1,108,16,14,105,102,-5%,10,9,8,28,28,25,29.4,25.7,15.4,36.0,27.0,26.1,4.7,21,16.2,2.9
DeMarre Carroll,1,,SF,5500,BKN,@MEM,1,100,18,11,97,104,-5%,12,9,8,32,30,24,23.0,17.6,8.8,26.4,28.5,21.5,3.9,27.1,27.5,5.0
Enes Kanter,1,,C,5500,NYK,@LAL,2,108,22,22,106,105,8%,9,9,11,19,20,26,21.6,30.8,18.9,42.7,19.5,23.6,4.3,26.8,46.5,8.5
Luke Kornet,2,,PF,5500,NYK,@LAL,2,108,,,106,105,-5%,10,9,5,28,23,12,24.9,12.5,-0.6,25.5,27.5,26.0,4.7,21.2,16.5,3.0
Bobby Portis,,O,PF,5500,CHI,IND,1,97,,,101,101,-1%,16,13,12,24,21,24,23.0,25.5,15.8,35.3,0.0,0.0,0.0,0,0.0,0.0
Bojan Bogdanovic,1,,SF,5500,IND,@CHI,3,104,19,15,101,107,-4%,11,10,11,30,31,32,26.7,24.2,17.0,31.4,31.5,22.1,4.0,39.9,26.2,4.8
Taurean Waller-Prince,,O,SF,5500,ATL,@MIL,1,108,22,12,105,102,-3%,11,11,12,30,30,29,22.6,25.1,17.1,33.0,0.0,0.0,0.0,0,0.0,0.0
Collin Sexton,,,PG,5400,CLE,UTA,1,100,25,11,102,104,3%,15,14,14,29,30,30,22.5,22.7,14.2,31.3,31.5,23.8,4.4,29.6,17.7,3.3
DeAndre Bembry,1,,SF,5400,ATL,@MIL,1,108,18,10,105,102,-3%,9,8,8,27,29,24,23.1,21.5,12.1,30.8,28.0,23.4,4.3,22.7,23.4,4.3
Dennis Smith Jr.,,,PG,5400,DAL,@BOS,1,104,24,12,102,103,-4%,8,8,11,22,26,28,22.0,24.5,14.7,34.2,28.0,22.7,4.2,30.9,22.9,4.2
Marcus Morris,,O,PF,5400,BOS,DAL,1,109,21,17,103,106,-3%,11,12,11,26,30,27,28.7,25.9,17.3,34.4,0.0,0.0,0.0,0,0.0,0.0
Dennis Schroder,1,,SG,5300,OKC,@POR,1,111,26,13,102,107,-3%,14,15,15,28,33,30,27.1,28.0,17.7,38.4,29.0,27.0,5.1,28.5,20.1,3.8
Evan Fournier,1,,SG,5300,ORL,@MIN,1,105,24,12,103,108,9%,8,10,13,28,31,31,20.8,25.5,15.1,35.8,30.5,25.4,4.8,30,28.4,5.4
Justin Holiday,1,,SG,5200,CHI,IND,1,97,15,11,101,101,-3%,9,9,10,33,34,35,20.0,26.4,17.5,35.4,0.0,0.0,0.0,,0.0,0.0
Jordan Clarkson,1,,SG,5200,CLE,UTA,1,100,28,18,102,104,3%,12,13,15,27,29,27,25.8,25.2,17.2,33.2,27.0,24.5,4.7,19.1,15.5,3.0
Dwyane Wade,,,SG,5100,MIA,WAS,1,109,28,15,104,110,-3%,13,12,13,26,25,26,26.6,25.9,15.9,35.9,21.5,22.2,4.4,25.2,29.6,5.8
Terrence Ross,,,SG,5100,ORL,@MIN,1,105,22,14,103,108,4%,12,12,12,22,26,26,22.6,21.8,13.9,29.7,27.5,22.0,4.3,23.5,16.9,3.3
Kevin Huerter,2,,SG,5000,ATL,@MIL,1,108,15,9,105,102,3%,15,12,8,42,34,27,20.4,17.9,10.0,25.8,35.5,24.6,4.9,33.5,13.9,2.8
James Johnson,,,PF,5000,MIA,WAS,1,109,19,12,104,110,7%,9,8,8,23,24,21,24.9,18.3,10.4,26.2,21.5,19.9,4.0,27.5,19.8,4.0
Cedi Osman,,,SF,4900,CLE,UTA,1,100,18,9,102,104,-3%,9,10,11,33,32,33,22.4,22.3,15.0,29.5,31.5,22.2,4.5,30.6,13.6,2.8
Maurice Harkless,3,,SF,4900,POR,OKC,2,112,12,11,106,100,7%,9,9,5,35,31,22,26.8,17.0,7.3,26.8,28.0,23.2,4.7,24.1,28.1,5.7
D.J. Augustin,1,,PG,4900,ORL,@MIN,1,105,18,16,103,108,-6%,9,10,8,32,30,28,29.9,21.5,12.4,30.6,31.5,23.8,4.9,31.4,21.6,4.4
Joe Harris,0,,SF,4900,BKN,@MEM,1,100,17,15,97,104,-2%,12,10,10,25,31,30,22.3,22.1,15.0,29.2,30.0,20.6,4.2,29,31.0,6.3
Otto Porter,,,SF,4900,WAS,@MIA,1,103,16,15,102,104,-2%,9,11,10,22,31,30,30.1,27.0,15.9,38.2,20.0,18.5,3.8,21.3,30.7,6.3
Tyler Johnson,,,PG,4900,MIA,WAS,1,109,20,14,104,110,-3%,8,10,10,26,27,27,27.8,22.6,14.3,31.0,21.0,17.6,3.6,24,23.1,4.7
Marcus Smart,1,,SG,4800,BOS,DAL,1,109,15,13,103,106,4%,4,6,6,25,28,26,19.6,22.0,13.8,30.1,29.5,26.5,5.5,32,28.3,5.9
Jae Crowder,,,SF,4800,UTA,@CLE,2,109,18,14,99,113,-2%,10,9,10,22,24,27,19.3,22.6,13.7,31.6,25.0,19.9,4.1,24.4,28.0,5.8
Wesley Matthews,,,SG,4800,DAL,@BOS,1,104,19,12,102,103,-6%,8,10,11,25,30,31,20.7,22.4,15.6,29.3,30.0,20.8,4.3,30.1,17.6,3.7
Robert Williams,,O,C,4600,BOS,DAL,1,109,,,103,106,-3%,2,2,2,10,14,10,16.7,12.1,1.0,23.1,0.0,0.0,0.0,0,0.0,0.0
Taj Gibson,1,,PF,4600,MIN,ORL,1,109,16,17,100,107,-5%,7,7,8,29,28,26,20.6,23.6,15.3,31.9,26.5,22.9,5.0,22.4,28.5,6.2
JaMychal Green,2,,PF,4600,MEM,BKN,1,104,19,16,101,109,-5%,7,6,8,22,22,24,22.3,22.6,14.6,30.7,22.5,20.5,4.5,19.2,19.4,4.2
Jeremy Lin,,,PG,4600,ATL,@MIL,1,108,23,17,105,102,-7%,7,6,7,20,20,19,21.5,19.8,9.5,30.1,20.0,20.0,4.3,20.7,21.2,4.6
Tyreke Evans,,,SF,4600,IND,@CHI,3,104,26,12,101,107,0%,8,8,10,19,17,21,17.3,20.2,11.7,28.8,19.0,18.1,3.9,18.4,17.9,3.9
Jaylen Brown,4,,SG,4500,BOS,DAL,1,109,21,11,103,106,3%,11,9,11,30,25,27,22.4,21.8,12.4,31.3,31.0,27.5,6.1,27.4,34.4,7.6
Jabari Parker,,O,SF,4500,CHI,IND,1,97,24,13,101,101,-1%,7,11,14,23,26,31,22.5,28.1,17.4,38.8,0.0,0.0,0.0,14.3,9.3,2.1
Kentavious Caldwell-Pope,5,,SG,4500,LAL,NYK,1,115,16,13,103,112,2%,18,11,8,31,29,23,23.7,17.0,7.9,26.1,30.0,23.5,5.2,36.1,30.7,6.8
Alec Burks,3,,SG,4500,CLE,UTA,1,100,20,12,102,104,-13%,11,10,9,34,31,23,23.9,18.9,8.3,29.5,28.0,22.4,5.0,29.6,25.6,5.7
Rodions Kurucs,,,PF,4500,BKN,@MEM,1,100,18,14,97,104,-5%,6,8,7,24,28,20,20.5,15.8,5.6,25.9,25.5,19.8,4.4,13.2,8.2,1.8
Jose Juan Barea,,,PG,4500,DAL,@BOS,1,104,30,18,102,103,-4%,7,8,10,17,21,20,22.0,22.7,14.6,30.8,19.5,20.5,4.6,17.7,10.8,2.4
De'Anthony Melton,2,,PG,4500,PHO,LAC,1,115,18,10,104,109,10%,6,6,7,25,25,21,19.8,18.0,7.9,28.2,25.5,21.9,4.9,16.1,16.0,3.6
Bam Adebayo,2,,PF,4400,MIA,WAS,1,109,16,17,104,110,4%,4,5,5,21,22,22,18.2,22.6,12.5,32.7,19.0,19.5,4.4,18.5,31.9,7.2
Shai Gilgeous-Alexander,1,,PG,4400,LAC,@PHO,2,119,17,13,102,111,9%,5,6,8,21,22,27,13.3,20.9,10.9,30.9,23.0,18.7,4.2,18.5,23.1,5.3
Ed Davis,0,,PF,4400,BKN,@MEM,1,100,13,18,97,104,-8%,4,4,4,21,20,18,23.1,18.9,11.7,26.0,18.5,17.2,3.9,21.1,15.8,3.6
Dion Waiters,,,SG,4300,MIA,WAS,1,109,,,104,110,-3%,0,0,0,0,0,0,0.0,0.0,0.0,0.0,12.0,10.1,2.3,0,0.0,0.0
Jonathan Isaac,,,SF,4300,ORL,@MIN,1,105,16,12,103,108,4%,7,8,7,24,27,25,18.7,20.5,13.1,27.9,27.5,21.4,5.0,28.7,21.6,5.0
Wayne Ellington,,,SG,4300,MIA,WAS,1,109,16,10,104,110,-3%,0,2,7,2,6,22,1.5,15.0,3.3,26.7,0.0,0.0,0.0,0,0.0,0.0
Denzel Valentine,,O,SF,4300,CHI,IND,1,97,,,101,101,-6%,0,0,0,0,0,0,0.0,0.0,0.0,0.0,0.0,0.0,0.0,0,0.0,0.0
Allen Crabbe,,O,SG,4200,BKN,@MEM,1,100,17,8,97,104,-2%,10,10,9,31,32,26,25.2,16.8,7.7,25.8,0.0,0.0,0.0,0,0.0,0.0
Mohamed Bamba,,,C,4200,ORL,@MIN,1,105,,,103,108,-5%,6,6,6,19,15,17,16.7,18.3,10.4,26.2,13.5,14.4,3.4,17,17.6,4.2
Mikal Bridges,2,,SF,4200,PHO,LAC,1,115,13,10,104,109,9%,7,8,7,29,33,27,21.5,18.3,9.0,27.6,30.5,20.8,5.0,32.4,27.7,6.6
Rodney McGruder,,,SG,4100,MIA,WAS,1,109,16,11,104,110,-3%,9,8,10,22,24,31,15.0,21.7,13.9,29.5,19.5,13.5,3.3,19.2,6.5,1.6
Cory Joseph,2,,PG,4100,IND,@CHI,3,104,15,12,101,107,4%,3,6,7,27,25,26,19.9,21.7,14.3,29.1,23.5,17.6,4.3,31,13.8,3.4
Josh Jackson,3,,PF,4100,PHO,LAC,1,115,24,8,104,109,9%,9,8,9,20,23,22,18.5,19.3,10.0,28.6,21.5,20.0,4.9,17.9,20.0,4.9
Michael Beasley,,,SF,4000,LAL,NYK,1,115,,,103,112,6%,4,4,4,6,8,7,8.1,6.4,0.0,12.8,11.0,12.6,3.1,11.6,12.3,3.1
Richaun Holmes,3,,PF,4000,PHO,LAC,1,115,17,22,104,109,0%,4,4,5,12,15,16,18.2,18.7,9.1,28.2,15.5,18.0,4.5,20.6,39.8,9.9
Kelly Olynyk,1,,PF,4000,MIA,WAS,1,109,19,16,104,110,4%,6,5,7,27,23,22,19.0,20.5,10.8,30.1,19.5,18.4,4.6,7.8,3.2,0.8
Rodney Hood,1,,SF,4000,CLE,UTA,1,100,19,14,102,104,-13%,6,9,11,22,28,29,22.8,21.5,14.3,28.7,26.5,19.2,4.8,25.1,19.0,4.8
Garrett Temple,1,,SG,3900,MEM,BKN,1,104,14,10,101,109,-9%,9,7,8,32,33,33,20.0,20.3,12.3,28.3,31.0,18.2,4.7,40.6,13.8,3.5
Avery Bradley,1,,SG,3900,LAC,@PHO,2,119,14,5,102,111,1%,8,9,8,31,30,30,19.0,15.5,6.9,24.1,29.5,16.7,4.3,20.3,8.2,2.1
Derrick Jones Jr.,1,,SF,3900,MIA,WAS,1,109,16,16,104,110,-3%,10,5,5,28,21,18,18.3,17.0,4.5,29.5,14.0,12.4,3.2,19.9,10.8,2.8
Dwight Powell,,,PF,3900,DAL,@BOS,1,104,19,19,102,103,-8%,4,5,5,20,17,17,16.5,17.6,9.7,25.4,0.0,0.0,0.0,17.4,18.6,4.8
Dante Exum,3,,PG,3900,UTA,@CLE,2,109,22,12,99,113,13%,11,10,7,22,19,18,22.3,14.7,7.4,22.1,17.0,14.6,3.7,19.9,21.1,5.4
Ante Zizic,,O,C,3800,CLE,UTA,1,100,19,12,102,104,-7%,6,5,3,17,16,11,15.7,9.0,2.7,15.3,0.0,0.0,0.0,0,0.0,0.0
Mitchell Robinson,,O,C,3800,NYK,@LAL,2,108,10,17,106,105,8%,2,3,3,12,17,18,16.0,17.8,8.2,27.4,0.0,0.0,0.0,0,0.0,0.0
Patrick Beverley,1,,PG,3800,LAC,@PHO,2,119,14,10,102,111,9%,3,5,6,28,26,25,13.6,18.0,10.5,25.5,23.5,17.8,4.7,29.4,32.3,8.5
Seth Curry,,,PG,3800,POR,OKC,2,112,14,8,106,100,2%,8,6,5,21,18,18,14.0,9.4,2.9,15.8,18.0,12.2,3.2,16.1,8.1,2.1
Shaquille Harrison,,,PG,3800,CHI,IND,1,97,18,13,101,101,-11%,8,7,6,20,22,18,14.6,16.0,7.3,24.8,23.5,18.8,4.9,23.3,16.6,4.4
George Hill,1,,PG,3800,MIL,ATL,2,122,18,12,107,109,13%,6,6,7,22,22,25,16.2,17.1,8.1,26.1,22.5,17.5,4.6,16.6,20.1,5.3
Kelly Oubre,4,,SF,3800,PHO,LAC,1,115,20,13,104,109,9%,10,9,10,22,23,26,16.5,22.3,11.8,32.7,23.0,19.8,5.2,23.3,16.6,4.4
Dorian Finney-Smith,,,SF,3800,DAL,@BOS,1,104,13,11,102,103,-7%,9,5,6,23,22,26,15.6,18.3,10.6,26.0,19.5,12.7,3.3,17.9,6.4,1.7
Josh Okogie,2,,SG,3800,MIN,ORL,1,109,17,9,100,107,3%,5,4,6,22,18,19,12.7,14.5,4.7,24.4,31.0,25.2,6.6,33.2,19.5,5.1
Maxi Kleber,,,PF,3700,DAL,@BOS,1,104,14,14,102,103,-8%,2,5,5,15,23,18,17.7,16.4,8.7,24.1,10.5,8.4,2.3,0,0.0,0.0
Daniel Theis,2,,PF,3700,BOS,DAL,1,109,17,16,103,106,-3%,5,4,5,16,16,15,14.1,14.6,3.5,25.7,15.5,16.3,4.4,23.1,35.1,9.5
Tyson Chandler,1,,C,3700,LAL,NYK,1,115,8,12,103,112,8%,4,3,2,17,19,19,19.2,15.6,8.5,22.6,15.5,13.3,3.6,11.5,8.8,2.4
Jamal Crawford,,,SG,3700,PHO,LAC,1,115,22,9,104,109,-8%,2,4,6,11,13,17,7.2,12.6,4.3,20.9,12.0,8.9,2.4,19.4,19.0,5.1
Nerlens Noel,0,,C,3700,OKC,@POR,1,111,14,21,102,107,-4%,5,3,4,13,12,14,18.9,18.2,9.2,27.2,12.5,14.8,4.0,14.2,32.5,8.8
Ian Mahinmi,,,C,3700,WAS,@MIA,1,103,12,11,102,104,-3%,5,3,2,23,15,14,12.5,11.0,3.4,18.6,0.0,0.0,0.0,14.3,19.3,5.2
Lance Stephenson,3,,SF,3700,LAL,NYK,1,115,23,14,103,112,2%,5,6,7,15,15,16,13.9,15.6,5.9,25.4,20.5,21.4,5.8,29.3,27.3,7.4
Dillon Brooks,,,SG,3700,MEM,BKN,1,104,20,8,101,109,-4%,9,7,6,19,18,19,10.2,12.2,4.0,20.4,21.5,15.6,4.2,16.1,8.0,2.2
Daniel Hamilton,,,SG,3700,ATL,@MIL,1,108,,,105,102,3%,8,4,3,18,10,9,7.9,6.5,-1.1,14.2,18.5,17.2,4.6,22.2,5.3,1.4
Pat Connaughton,,,SG,3700,MIL,ATL,2,122,15,14,107,109,9%,3,5,6,9,15,19,12.7,16.6,7.7,25.4,0.0,0.0,0.0,25.8,24.5,6.6
Sam Dekker,,,SF,3700,WAS,@MIA,1,103,15,17,102,104,-2%,10,7,6,19,18,17,15.4,15.6,5.8,25.4,17.0,13.7,3.7,16.9,13.6,3.7
Ivica Zubac,,,C,3700,LAL,NYK,1,115,,,103,112,8%,6,8,4,15,23,13,24.5,13.9,0.9,26.9,0.0,0.0,0.0,11.6,22.2,6.0
Jabari Bird,,O,SG,3600,BOS,DAL,1,109,,,103,106,3%,0,0,0,0,0,0,0.0,0.0,0.0,0.0,0.0,0.0,0.0,0,0.0,0.0
Dario Saric,4,,PF,3600,MIN,ORL,1,109,18,12,100,107,-5%,7,9,9,19,21,26,15.8,21.0,13.0,29.0,22.5,19.1,5.3,23.1,19.8,5.5
Thon Maker,,,C,3600,MIL,ATL,2,122,16,13,107,109,10%,3,4,4,15,13,12,10.1,11.2,4.9,17.5,12.0,11.6,3.2,14.4,14.6,4.1
Jalen Brunson,,,PG,3600,DAL,@BOS,1,104,18,10,102,103,-4%,5,7,6,11,20,17,14.5,11.7,2.9,20.6,0.0,0.0,0.0,2.4,1.5,0.4
Frank Ntilikina,,,PG,3600,NYK,@LAL,2,108,17,6,106,105,-3%,7,5,7,17,17,22,10.7,14.5,6.7,22.2,17.5,11.2,3.1,0.9,0.2,0.1
Ryan Arcidiacono,,,PG,3600,CHI,IND,1,97,11,11,101,101,-11%,3,4,5,19,24,28,17.3,17.9,7.9,27.8,14.5,8.7,2.4,14.5,6.0,1.7
Luc Richard Mbah a Moute,,O,PF,3600,LAC,@PHO,2,119,,,102,111,-6%,5,5,5,16,15,15,8.8,8.8,4.7,13.0,0.0,0.0,0.0,0,0.0,0.0
Chasson Randle,,,SG,3600,WAS,@MIA,1,103,,,102,104,-5%,6,5,5,16,15,15,14.2,13.0,7.3,18.8,16.5,13.2,3.7,13.3,9.5,2.6
Marcin Gortat,2,,C,3600,LAC,@PHO,2,119,14,12,102,111,11%,3,3,4,15,15,17,16.2,15.4,9.5,21.3,14.0,13.0,3.6,25.2,36.1,10.0
Gorgui Dieng,,,C,3600,MIN,ORL,1,109,18,15,100,107,-2%,4,3,5,11,11,14,10.7,14.0,6.4,21.6,12.0,11.8,3.3,16.2,18.7,5.2
Shabazz Napier,1,,PG,3600,BKN,@MEM,1,100,24,17,97,104,-6%,13,6,6,29,16,15,17.0,14.5,3.4,25.6,20.5,17.8,4.9,23.4,14.4,4.0
Shelvin Mack,,,PG,3600,MEM,BKN,1,104,18,11,101,109,-6%,6,4,7,18,17,24,10.4,16.8,8.1,25.5,19.0,13.6,3.8,3.9,1.0,0.3
Ekpe Udoh,,,C,3600,UTA,@CLE,2,109,,,99,113,-10%,3,2,1,6,6,6,7.0,5.8,-0.7,12.3,0.0,0.0,0.0,4.5,7.2,2.0
Ersan Ilyasova,1,,PF,3600,MIL,ATL,2,122,16,13,107,109,8%,10,7,6,14,16,20,16.8,17.8,10.9,24.7,14.0,12.9,3.6,19.4,25.0,6.9
Tony Snell,,,SG,3600,MIL,ATL,2,122,13,12,107,109,9%,4,4,5,16,19,18,9.9,11.6,5.5,17.6,16.0,10.7,3.0,22.8,24.3,6.8
Troy Brown,,,SF,3500,WAS,@MIA,1,103,,,102,104,-2%,4,2,2,12,7,7,5.4,6.3,0.6,12.1,0.0,0.0,0.0,0,0.0,0.0
Ryan Anderson,,,PF,3500,PHO,LAC,1,115,12,5,104,109,0%,0,1,4,7,11,19,3.7,9.0,2.5,15.5,0.0,0.0,0.0,0,0.0,0.0
Channing Frye,,,PF,3500,CLE,UTA,1,100,,,102,104,-7%,5,6,3,7,10,9,5.8,5.7,1.4,10.0,0.0,0.0,0.0,17,16.1,4.6
Daryl Macon,,O,PG,3500,DAL,@BOS,1,104,,,102,103,-4%,0,0,0,0,0,0,0.0,0.0,0.0,0.0,0.0,0.0,0.0,0,0.0,0.0
Jaylen Morris,,,SG,3500,MIL,ATL,2,122,,,107,109,13%,3,3,3,8,7,7,6.8,6.8,1.3,12.2,0.0,0.0,0.0,0,0.0,0.0
Kyle Korver,,,SG,3500,UTA,@CLE,2,109,18,12,99,113,3%,7,7,6,20,20,18,13.2,13.3,5.8,20.7,20.5,14.2,4.1,21.7,12.9,3.7
Jerryd Bayless,,,PG,3500,MIN,ORL,1,109,,,100,107,-7%,2,3,4,7,9,10,4.5,6.0,0.4,11.6,0.0,0.0,0.0,0,0.0,0.0
Jared Dudley,,,SF,3500,BKN,@MEM,1,100,11,8,97,104,-5%,5,5,5,26,28,23,14.5,13.1,5.4,20.8,24.5,13.2,3.8,25.8,3.2,0.9
Jason Smith,,,PF,3500,MIL,ATL,2,122,,,107,109,8%,2,3,3,5,8,10,5.1,8.8,2.4,15.2,0.0,0.0,0.0,14,17.4,5.0
Jerome Robinson,,O,PG,3500,LAC,@PHO,2,119,,,102,111,1%,2,2,3,6,6,6,4.0,3.9,2.7,5.0,0.0,0.0,0.0,0,0.0,0.0
Courtney Lee,,,SG,3500,NYK,@LAL,2,108,,,106,105,8%,4,5,5,17,17,15,11.7,12.9,3.7,22.1,0.0,0.0,0.0,0,0.0,0.0
Donte DiVincenzo,,,SG,3500,MIL,ATL,2,122,15,9,107,109,9%,2,4,5,6,13,16,10.1,11.5,4.2,18.8,0.0,0.0,0.0,0,0.0,0.0
Thabo Sefolosha,,,SF,3500,UTA,@CLE,2,109,11,11,99,113,2%,5,3,2,15,14,11,12.9,8.9,1.8,16.0,11.5,9.2,2.6,11.3,10.2,2.9
Vince Carter,,,SF,3500,ATL,@MIL,1,108,17,11,105,102,3%,7,7,7,16,17,18,17.1,14.9,8.3,21.4,17.5,14.1,4.0,8.9,9.5,2.7
Trevon Duval,,,PG,3500,MIL,ATL,2,122,,,107,109,13%,0,0,0,0,0,0,0.0,0.0,0.0,0.0,0.0,0.0,0.0,0,0.0,0.0
Rawle Alkins,,,SG,3500,CHI,IND,1,97,,,101,101,-11%,2,2,2,2,2,2,6.3,6.3,5.0,7.6,0.0,0.0,0.0,0,0.0,0.0
Robin Lopez,,,C,3500,CHI,IND,1,97,17,10,101,101,-7%,3,7,5,15,17,18,13.0,12.3,5.4,19.2,15.0,10.5,3.0,7.5,-2.0,-0.6
Milos Teodosic,,,PG,3500,LAC,@PHO,2,119,,,102,111,9%,4,4,3,11,11,10,5.1,6.9,1.0,12.8,0.0,0.0,0.0,0,0.0,0.0
Donte Grantham,,,SF,3500,OKC,@POR,1,111,,,102,107,10%,0,0,0,0,0,0,0.0,0.0,0.0,0.0,0.0,0.0,0.0,0,0.0,0.0
John Wall,,O,PG,3500,WAS,@MIA,1,103,30,19,102,104,-5%,13,17,18,33,34,35,38.8,41.8,27.5,56.1,0.0,0.0,0.0,0,0.0,0.0
Omri Casspi,,,SF,3500,MEM,BKN,1,104,18,17,101,109,-4%,4,4,4,10,11,12,10.8,11.3,3.8,18.9,0.0,0.0,0.0,4.3,0.0,0.0
Patrick Patterson,,,PF,3500,OKC,@POR,1,111,13,8,102,107,10%,4,3,4,15,12,15,7.8,9.2,3.4,14.9,12.5,8.1,2.3,13.8,7.7,2.2
Evan Turner,1,,SF,3500,POR,OKC,2,112,18,11,106,100,2%,6,7,7,21,21,25,12.6,20.2,12.5,27.8,18.5,15.2,4.3,23.9,23.7,6.8
Timofey Mozgov,,O,C,3500,ORL,@MIN,1,105,,,103,108,-5%,0,0,0,0,0,0,0.0,0.0,0.0,0.0,0.0,0.0,0.0,0,0.0,0.0
Brandon Sampson,,,SG,3500,CHI,IND,1,97,,,101,101,-11%,0,0,0,0,0,0,0.0,0.0,0.0,0.0,0.0,0.0,0.0,0,0.0,0.0
Theo Pinson,,O,SF,3500,BKN,@MEM,1,100,,,97,104,-6%,5,2,2,14,9,9,6.3,6.3,-3.0,15.6,0.0,0.0,0.0,0,0.0,0.0
Zach Collins,,,PF,3500,POR,OKC,2,112,16,13,106,100,-6%,6,6,6,20,18,19,15.0,16.3,8.8,23.9,15.5,13.0,3.7,15.2,10.8,3.1
Tony Bradley,,O,C,3500,UTA,@CLE,2,109,,,99,113,-10%,0,0,0,0,0,0,0.0,0.0,0.0,0.0,0.0,0.0,0.0,0,0.0,0.0
Ike Anigbogu,,O,PF,3500,IND,@CHI,3,104,,,101,107,13%,1,1,1,2,2,2,2.4,2.4,1.3,3.4,0.0,0.0,0.0,0,0.0,0.0
Yante Maten,,O,PF,3500,MIA,WAS,1,109,,,104,110,7%,0,0,0,0,0,0,0.0,0.0,0.0,0.0,0.0,0.0,0.0,0,0.0,0.0
Kevin Love,,O,PF,3500,CLE,UTA,1,100,,,102,104,-7%,14,16,16,31,34,34,40.2,40.2,27.2,53.2,0.0,0.0,0.0,0,0.0,0.0
Terrance Ferguson,,,SG,3500,OKC,@POR,1,111,10,4,102,107,-2%,7,5,5,22,16,21,7.4,9.0,3.7,14.3,22.0,10.4,3.0,26.8,9.2,2.6
Anthony Tolliver,,,PF,3500,MIN,ORL,1,109,12,10,100,107,-5%,4,3,3,14,8,14,6.5,9.4,1.9,16.8,15.0,10.3,2.9,29.8,21.3,6.1
TJ Leaf,,,PF,3500,IND,@CHI,3,104,,,101,107,0%,1,2,2,3,6,7,5.9,5.0,0.3,9.6,0.0,0.0,0.0,0,0.0,0.0
Devin Harris,,,PG,3500,DAL,@BOS,1,104,18,13,102,103,-4%,4,5,5,14,15,16,10.8,13.2,4.9,21.6,16.0,11.7,3.3,16.1,16.7,4.8
Elie Okobo,,,PG,3500,PHO,LAC,1,115,19,8,104,109,10%,4,4,6,11,16,19,11.0,13.4,3.8,23.0,0.0,0.0,0.0,16.7,9.4,2.7
Aaron Holiday,,,SG,3500,IND,@CHI,3,104,23,14,101,107,4%,1,4,5,2,9,11,9.3,11.3,1.6,21.0,0.0,0.0,0.0,0,0.0,0.0
Melvin Frazier,,,SF,3500,ORL,@MIN,1,105,,,103,108,9%,2,1,1,5,5,5,1.1,1.1,-1.7,3.8,0.0,0.0,0.0,0,0.0,0.0
Isaac Bonga,,O,SF,3500,LAL,NYK,1,115,,,103,112,1%,2,1,1,5,3,3,4.5,4.5,-0.1,9.0,0.0,0.0,0.0,0,0.0,0.0
Alize Johnson,,O,PF,3500,IND,@CHI,3,104,,,101,107,0%,1,1,1,2,3,3,2.5,2.5,0.0,4.9,0.0,0.0,0.0,0,0.0,0.0
Anfernee Simons,,,SG,3500,POR,OKC,2,112,,,106,100,2%,4,4,3,11,9,7,3.9,3.2,-1.3,7.8,0.0,0.0,0.0,0,0.0,0.0
Sviatoslav Mykhailiuk,,,SG,3500,LAL,NYK,1,115,16,6,103,112,6%,2,1,3,8,5,10,2.3,5.7,0.5,10.8,11.5,8.2,2.3,11.4,5.0,1.4
Moritz Wagner,,,C,3500,LAL,NYK,1,115,,,103,112,14%,1,3,3,3,8,6,7.1,5.7,-0.2,11.7,0.0,0.0,0.0,0,0.0,0.0
Kostas Antetokounmpo,,O,PF,3500,DAL,@BOS,1,104,,,102,103,-8%,0,0,0,0,0,0,0.0,0.0,0.0,0.0,0.0,0.0,0.0,0,0.0,0.0
Ray Spalding,,O,PF,3500,DAL,@BOS,1,104,,,102,103,-8%,0,0,0,0,0,0,0.0,0.0,0.0,0.0,0.0,0.0,0.0,0,0.0,0.0
Angel Delgado,,O,C,3500,LAC,@PHO,2,119,,,102,111,11%,0,0,0,0,0,0,0.0,0.0,0.0,0.0,0.0,0.0,0.0,0,0.0,0.0
Deonte Burton,,O,SG,3500,OKC,@POR,1,111,,,102,107,-3%,2,2,3,3,10,9,4.5,6.2,-1.2,13.6,0.0,0.0,0.0,0,0.0,0.0
Duncan Robinson,,O,SG,3500,MIA,WAS,1,109,,,104,110,12%,2,2,2,7,7,7,3.8,3.8,-1.1,8.6,0.0,0.0,0.0,0,0.0,0.0
Ryan Broekhoff,,,PF,3500,DAL,@BOS,1,104,,,102,103,-4%,3,3,2,4,8,5,7.0,3.3,-1.3,7.9,0.0,0.0,0.0,0,0.0,0.0
Jared Terrell,,,SG,3500,MIN,ORL,1,109,,,100,107,-7%,5,5,5,12,12,12,7.6,7.6,-1.0,16.2,0.0,0.0,0.0,0,0.0,0.0
Jaylen Adams,,O,SG,3500,ATL,@MIL,1,108,,,105,102,-7%,1,1,1,4,3,3,2.7,2.6,0.4,4.7,0.0,0.0,0.0,0,0.0,0.0
Allonzo Trier,1,,SG,3500,NYK,@LAL,2,108,21,12,106,105,-3%,9,10,8,21,21,23,12.2,17.4,7.2,27.5,20.0,15.0,4.3,8.8,3.9,1.1
Grayson Allen,,O,SG,3500,UTA,@CLE,2,109,,,99,113,3%,3,3,4,5,9,10,5.0,4.6,0.7,8.5,0.0,0.0,0.0,0,0.0,0.0
Raymond Felton,,,PG,3500,OKC,@POR,1,111,,,102,107,-3%,3,3,5,12,8,11,7.1,10.3,4.5,16.1,0.0,0.0,0.0,0,0.0,0.0
Udonis Haslem,,,PF,3500,MIA,WAS,1,109,,,104,110,7%,2,2,2,5,5,5,2.7,2.7,-1.2,6.5,0.0,0.0,0.0,0,0.0,0.0
Gary Trent,,,SG,3500,POR,OKC,2,112,,,106,100,2%,5,4,4,6,7,7,4.6,4.6,0.5,8.7,0.0,0.0,0.0,0,0.0,0.0
Jevon Carter,,,PG,3500,MEM,BKN,1,104,,,101,109,-6%,1,4,4,4,14,14,7.5,7.5,-1.1,16.1,0.0,0.0,0.0,11.1,11.0,3.1
Kenneth Faried,,,PF,3500,BKN,@MEM,1,100,,,97,104,-8%,7,4,3,16,10,8,10.5,8.4,-1.8,18.6,0.0,0.0,0.0,0,0.0,0.0
Johnathan Williams,,O,PF,3500,LAL,NYK,1,115,,,103,112,14%,1,2,3,6,11,13,5.9,9.6,1.7,17.5,0.0,0.0,0.0,0,0.0,0.0
George King,,O,SF,3500,PHO,LAC,1,115,,,104,109,9%,0,0,0,0,0,0,0.0,0.0,0.0,0.0,0.0,0.0,0.0,0,0.0,0.0
Keita Bates-Diop,,O,SF,3500,MIN,ORL,1,109,,,100,107,-1%,4,3,3,27,20,20,3.5,3.5,-1.6,8.6,0.0,0.0,0.0,0,0.0,0.0
Dzanan Musa,,O,SF,3500,BKN,@MEM,1,100,,,97,104,-2%,2,2,2,3,3,4,1.4,2.9,-0.1,5.9,0.0,0.0,0.0,0,0.0,0.0
Hamidou Diallo,,,SG,3500,OKC,@POR,1,111,17,12,102,107,-2%,3,3,4,13,12,13,5.8,10.3,3.5,17.2,10.5,8.4,2.4,7.5,6.9,2.0
Chandler Hutchison,4,,SF,3500,CHI,IND,1,97,12,9,101,101,-6%,5,3,4,18,20,18,10.2,11.0,6.0,16.0,28.5,18.4,5.3,26.5,7.6,2.2
Luol Deng,,,SF,3500,MIN,ORL,1,109,,,100,107,-1%,2,3,3,6,8,8,9.5,9.5,6.4,12.5,0.0,0.0,0.0,0,0.0,0.0
Omari Spellman,,O,PF,3500,ATL,@MIL,1,108,16,13,105,102,1%,2,4,6,8,14,18,13.7,16.1,4.7,27.6,0.0,0.0,0.0,0,0.0,0.0
Joakim Noah,,,C,3500,MEM,BKN,1,104,,,101,109,15%,1,2,3,6,10,13,8.2,10.7,4.8,16.6,0.0,0.0,0.0,4.5,5.4,1.5
J.R. Smith,,O,SG,3500,CLE,UTA,1,100,,,102,104,-13%,8,10,7,15,25,20,14.9,14.4,2.9,25.9,0.0,0.0,0.0,0,0.0,0.0
Dirk Nowitzki,,,PF,3500,DAL,@BOS,1,104,,,102,103,-8%,4,5,4,9,11,9,9.4,7.0,2.1,11.9,11.0,9.2,2.6,16.1,1.4,0.4
Yuta Watanabe,,O,SF,3500,MEM,BKN,1,104,,,101,109,-6%,2,1,1,6,5,5,4.0,4.0,2.8,5.2,0.0,0.0,0.0,0,0.0,0.0
Guerschon Yabusele,,,PF,3500,BOS,DAL,1,109,,,103,106,-3%,1,2,2,8,8,6,5.7,5.0,0.3,9.7,11.5,9.5,2.7,2.4,0.0,0.0
David Nwaba,,O,SG,3500,CLE,UTA,1,100,16,12,102,104,-13%,5,5,5,18,16,16,10.5,12.8,5.0,20.5,0.0,0.0,0.0,0,0.0,0.0
Cameron Payne,,,PG,3500,CHI,IND,1,97,18,11,101,101,-11%,1,4,5,5,13,17,10.1,13.2,3.8,22.6,0.0,0.0,0.0,,0.0,0.0
Isaiah Hicks,,O,PF,3500,NYK,@LAL,2,108,,,106,105,-5%,0,0,0,0,0,0,0.0,0.0,0.0,0.0,0.0,0.0,0.0,0,0.0,0.0
Troy Daniels,,,SG,3500,PHO,LAC,1,115,18,11,104,109,-8%,4,3,5,10,10,14,7.5,10.4,2.5,18.2,0.0,0.0,0.0,0,0.0,0.0
Treveon Graham,,,SG,3500,BKN,@MEM,1,100,,,97,104,-2%,2,2,2,14,14,14,3.7,3.7,0.5,6.8,0.0,0.0,0.0,11.7,4.9,1.4
Tyler Cavanaugh,,O,PF,3500,UTA,@CLE,2,109,,,99,113,-2%,0,0,0,0,0,0,0.0,0.0,0.0,0.0,0.0,0.0,0.0,0,0.0,0.0
Christian Wood,,O,PF,3500,MIL,ATL,2,122,,,107,109,8%,5,3,3,9,6,6,8.2,7.5,0.6,14.4,0.0,0.0,0.0,0,0.0,0.0
Ron Baker,,,SG,3500,WAS,@MIA,1,103,,,102,104,-1%,2,2,1,15,12,11,5.4,4.6,0.1,9.0,0.0,0.0,0.0,0,0.0,0.0
Semi Ojeleye,,,SF,3500,BOS,DAL,1,109,14,8,103,106,-3%,3,3,3,12,11,11,8.2,6.6,0.5,12.7,19.5,12.4,3.5,16.8,8.4,2.4
Troy Caupain,,O,PG,3500,ORL,@MIN,1,105,,,103,108,-6%,2,2,2,5,5,5,7.4,7.4,0.7,14.2,0.0,0.0,0.0,0,0.0,0.0
Abdel Nader,,,SF,3500,OKC,@POR,1,111,,,102,107,11%,6,7,2,14,17,7,12.9,5.0,-1.7,11.7,12.0,8.1,2.3,13.9,1.2,0.3
Jonathon Simmons,,,SF,3500,ORL,@MIN,1,105,20,8,103,108,9%,9,7,8,20,20,22,13.3,15.1,9.1,21.0,18.5,13.5,3.9,21.1,22.7,6.5
Royce O'Neale,,,SF,3500,UTA,@CLE,2,109,13,8,99,113,2%,2,2,4,13,10,16,7.5,10.5,2.8,18.3,0.0,0.0,0.0,10.9,10.7,3.1
Matthew Dellavedova,,O,PG,3500,CLE,UTA,1,100,22,13,102,104,3%,7,7,4,19,19,13,9.7,10.2,2.2,18.2,0.0,0.0,0.0,0,0.0,0.0
Jalen Jones,,,SG,3500,CLE,UTA,1,100,,,102,104,-3%,5,4,3,16,14,11,10.3,8.1,1.0,15.2,15.0,10.3,2.9,12.8,4.2,1.2
Wesley Iwundu,,,SF,3500,ORL,@MIN,1,105,14,7,103,108,9%,4,4,4,22,16,17,9.0,9.0,3.6,14.3,0.0,0.0,0.0,14.9,14.1,4.0
Wayne Selden Jr.,,,SG,3500,MEM,BKN,1,104,19,9,101,109,-9%,1,4,5,5,9,14,7.4,9.5,1.7,17.2,0.0,0.0,0.0,,0.0,0.0
Naz Long,,,SG,3500,UTA,@CLE,2,109,,,99,113,3%,2,2,2,6,6,6,1.3,1.3,-0.5,3.0,0.0,0.0,0.0,0,0.0,0.0
Georges Niang,,,PF,3500,UTA,@CLE,2,109,,,99,113,2%,4,2,3,6,5,7,3.3,5.8,0.5,11.1,0.0,0.0,0.0,3.3,1.2,0.3
Caris LeVert,,O,SG,3500,BKN,@MEM,1,100,27,19,97,104,-2%,10,15,15,26,29,31,32.1,32.5,21.2,43.8,0.0,0.0,0.0,0,0.0,0.0
Alex Abrines,,O,SG,3500,OKC,@POR,1,111,12,7,102,107,-2%,5,5,5,21,20,20,11.7,10.5,3.4,17.5,0.0,0.0,0.0,0,0.0,0.0
Raul Neto,,,PG,3500,UTA,@CLE,2,109,,,99,113,13%,4,2,3,11,10,10,7.4,9.2,2.5,15.9,0.0,0.0,0.0,4.5,5.0,1.4
Nik Stauskas,,,SG,3500,POR,OKC,2,112,18,11,106,100,2%,4,4,5,12,12,16,6.2,10.8,3.8,17.9,11.5,8.0,2.3,0,0.0,0.0
Jaron Blossomgame,,,SF,3500,CLE,UTA,1,100,11,10,102,104,-3%,3,4,4,13,20,18,9.5,11.4,1.8,21.0,0.0,0.0,0.0,0,0.0,0.0
Tyrone Wallace,,,SG,3500,LAC,@PHO,2,119,20,10,102,111,1%,3,3,4,10,11,9,9.8,7.5,0.0,14.9,0.0,0.0,0.0,12.7,16.1,4.6
Alex Poythress,,O,PF,3500,ATL,@MIL,1,108,14,13,105,102,-3%,4,3,4,10,10,14,9.0,11.2,2.6,19.7,0.0,0.0,0.0,0,0.0,0.0
Aron Baynes,,O,C,3500,BOS,DAL,1,109,17,15,103,106,-4%,5,4,4,16,18,15,13.2,14.4,6.5,22.3,0.0,0.0,0.0,0,0.0,0.0
Davon Reed,,O,SG,3500,IND,@CHI,3,104,,,101,107,0%,1,0,0,2,2,2,0.0,0.0,0.0,0.0,0.0,0.0,0.0,0,0.0,0.0
Sterling Brown,1,P,SG,3500,MIL,ATL,2,122,14,10,107,109,9%,5,5,4,17,15,14,10.4,10.5,3.0,18.1,16.0,12.3,3.5,0,0.0,0.0
Damyean Dotson,1,,SG,3500,NYK,@LAL,2,108,16,12,106,105,8%,4,5,9,17,20,25,11.4,18.4,9.1,27.7,20.0,14.7,4.2,24.2,29.9,8.5
Amile Jefferson,,,PF,3500,ORL,@MIN,1,105,,,103,108,4%,0,0,0,0,0,0,0.0,0.0,0.0,0.0,0.0,0.0,0.0,0,0.0,0.0
Johnathan Motley,,O,PF,3500,LAC,@PHO,2,119,,,102,111,-6%,0,0,0,0,0,0,0.0,0.0,0.0,0.0,0.0,0.0,0.0,0.5,0.0,0.0
Sindarius Thornwell,,,SG,3500,LAC,@PHO,2,119,,,102,111,1%,0,1,1,3,4,6,2.9,3.4,-0.5,7.4,0.0,0.0,0.0,1.9,-1.0,-0.3
Jarell Martin,,,PF,3500,ORL,@MIN,1,105,,,103,108,4%,2,1,3,6,5,8,3.6,5.7,-0.6,12.0,0.0,0.0,0.0,3.8,3.0,0.9
Jake Layman,,,SF,3500,POR,OKC,2,112,14,12,106,100,7%,2,1,4,7,7,14,4.9,10.1,1.8,18.5,0.0,0.0,0.0,12.3,11.2,3.2
Justin Anderson,,,SG,3500,ATL,@MIL,1,108,,,105,102,3%,2,3,3,6,11,8,6.8,7.9,0.6,15.1,0.0,0.0,0.0,16.4,4.4,1.3
Doug McDermott,,P,SF,3500,IND,@CHI,3,104,15,11,101,107,-4%,8,5,5,19,19,18,7.3,10.5,2.9,18.1,16.0,9.2,2.6,16,9.2,2.6
James Nunnally,,,SF,3500,MIN,ORL,1,109,,,100,107,-1%,0,1,2,2,3,5,2.7,3.4,-0.3,7.1,0.0,0.0,0.0,2.5,0.0,0.0
Jawun Evans,,O,PG,3500,PHO,LAC,1,115,,,104,109,10%,1,3,3,8,12,12,7.5,7.5,0.3,14.7,0.0,0.0,0.0,0,0.0,0.0
Caleb Swanigan,,O,PF,3500,POR,OKC,2,112,,,106,100,-3%,1,1,2,6,6,8,3.2,6.2,-0.9,13.4,0.0,0.0,0.0,0,0.0,0.0
PJ Dozier,,,SG,3500,BOS,DAL,1,109,,,103,106,4%,1,2,2,1,3,3,3.9,3.9,-2.9,10.7,0.0,0.0,0.0,2.4,0.0,0.0
Antonio Blakeney,,,SG,3500,CHI,IND,1,97,25,11,101,101,-3%,8,6,8,14,12,16,10.4,12.2,4.8,19.6,18.5,13.6,3.9,19.9,22.6,6.5
Isaiah Briscoe,,,PG,3500,ORL,@MIN,1,105,,,103,108,-6%,3,2,2,16,9,8,2.3,3.2,-1.1,7.5,0.0,0.0,0.0,3.8,0.0,0.0
Boban Marjanovic,,,C,3500,LAC,@PHO,2,119,24,26,102,111,11%,2,4,4,6,11,11,9.6,15.2,4.1,26.3,0.0,0.0,0.0,0,0.0,0.0
Salah Mejri,,,C,3500,DAL,@BOS,1,104,,,102,103,-7%,5,2,2,9,7,6,7.0,6.1,0.8,11.4,0.0,0.0,0.0,0,0.0,0.0
Trey Burke,,,PG,3500,NYK,@LAL,2,108,26,16,106,105,-3%,6,7,11,11,15,21,13.3,19.9,7.5,32.2,0.0,0.0,0.0,19,21.7,6.2
Meyers Leonard,,,PF,3500,POR,OKC,2,112,16,16,106,100,-6%,3,4,4,16,17,14,11.2,12.6,4.0,21.1,15.5,13.7,3.9,17.8,17.1,4.9
Miles Plumlee,,O,C,3500,ATL,@MIL,1,108,,,105,102,-5%,2,2,3,9,7,10,5.8,9.6,1.8,17.4,0.0,0.0,0.0,0,0.0,0.0
Chandler Parsons,,O,SF,3500,MEM,BKN,1,104,,,101,109,-4%,4,6,6,12,15,15,9.6,9.6,1.4,17.8,0.0,0.0,0.0,0,0.0,0.0
Alex Caruso,,O,PG,3500,LAL,NYK,1,115,,,103,112,2%,0,0,0,3,3,3,0.6,0.6,-0.2,1.4,0.0,0.0,0.0,0,0.0,0.0
Timothe Luwawu,,,SG,3500,OKC,@POR,1,111,,,102,107,-2%,1,1,2,2,2,7,0.8,4.3,-3.3,11.8,0.0,0.0,0.0,0,0.0,0.0
Dragan Bender,,,PF,3500,PHO,LAC,1,115,,,104,109,0%,2,3,2,7,14,8,7.6,4.8,0.0,9.7,0.0,0.0,0.0,0,0.0,0.0
Tyler Dorsey,,,SG,3500,ATL,@MIL,1,108,,,105,102,3%,2,3,4,3,6,10,5.4,7.3,2.0,12.5,0.0,0.0,0.0,16.1,20.4,5.8
Ivan Rabb,,,PF,3500,MEM,BKN,1,104,,,101,109,-5%,4,2,2,10,7,6,8.0,6.5,1.0,12.1,0.0,0.0,0.0,0,0.0,0.0
Andre Roberson,,O,SG,3500,OKC,@POR,1,111,,,102,107,-2%,0,0,0,0,0,0,0.0,0.0,0.0,0.0,0.0,0.0,0.0,0,0.0,0.0
Cristiano Felicio,,,C,3500,CHI,IND,1,97,12,12,101,101,-7%,3,1,2,6,5,11,4.2,8.0,1.0,15.0,0.0,0.0,0.0,0,0.0,0.0
John Henson,,O,PF,3500,CLE,UTA,1,100,,,102,104,-7%,3,4,5,7,10,14,9.9,16.2,7.7,24.7,0.0,0.0,0.0,0,0.0,0.0
Lance Thomas,,,SF,3500,NYK,@LAL,2,108,12,6,106,105,3%,3,3,3,10,15,15,7.9,9.0,3.2,14.8,0.0,0.0,0.0,0,0.0,0.0
Devin Robinson,,O,SF,3500,WAS,@MIA,1,103,,,102,104,-2%,4,4,4,9,9,9,13.8,13.8,3.5,24.2,0.0,0.0,0.0,0,0.0,0.0
Brad Wanamaker,,,PG,3500,BOS,DAL,1,109,,,103,106,4%,1,1,2,5,6,7,3.4,5.6,2.1,9.1,0.0,0.0,0.0,21.9,24.4,7.0
Jarnell Stokes,,O,PF,3500,MEM,BKN,1,104,,,101,109,-5%,0,0,0,0,0,0,0.0,0.0,0.0,0.0,0.0,0.0,0.0,0,0.0,0.0
D.J. Wilson,,,PF,3500,MIL,ATL,2,122,,,107,109,8%,4,5,5,19,20,18,16.8,16.0,8.1,23.9,0.0,0.0,0.0,22,23.3,6.7
Kyle O'Quinn,,,C,3500,IND,@CHI,3,104,,,101,107,13%,3,3,3,4,8,7,10.8,9.1,-2.0,20.3,0.0,0.0,0.0,0,0.0,0.0
Edmond Sumner,,O,PG,3500,IND,@CHI,3,104,,,101,107,4%,2,1,1,4,4,4,1.3,1.4,-0.2,3.1,0.0,0.0,0.0,0,0.0,0.0
Mike Scott,,,PF,3500,LAC,@PHO,2,119,15,9,102,111,-6%,6,4,5,15,14,16,7.0,12.3,5.5,19.0,11.0,8.5,2.4,8.2,9.1,2.6
Wade Baldwin IV,,,PG,3500,POR,OKC,2,112,,,106,100,-11%,2,2,2,6,6,6,6.2,3.6,-0.8,8.0,0.0,0.0,0.0,0,0.0,0.0
Kristaps Porzingis,,O,PF,3500,NYK,@LAL,2,108,,,106,105,-5%,0,0,0,0,0,0,0.0,0.0,0.0,0.0,0.0,0.0,0.0,0,0.0,0.0
Mario Hezonja,,,SF,3500,NYK,@LAL,2,108,21,8,106,105,8%,0,4,7,4,10,17,7.5,13.2,3.7,22.6,0.0,0.0,0.0,13.5,18.9,5.4
C.J. Williams,,O,SG,3500,MIN,ORL,1,109,,,100,107,3%,2,3,2,6,9,9,3.8,2.8,-1.8,7.4,0.0,0.0,0.0,0,0.0,0.0
Jerian Grant,,,PG,3500,ORL,@MIN,1,105,14,10,103,108,-6%,7,5,4,22,19,20,13.1,14.2,8.1,20.3,0.0,0.0,0.0,3.8,1.2,0.3
Khem Birch,,,PF,3500,ORL,@MIN,1,105,,,103,108,-5%,2,3,2,5,11,8,7.5,6.5,0.5,12.5,0.0,0.0,0.0,3.8,4.4,1.3
Patrick Mccaw,,,SG,3500,CLE,UTA,1,100,,,102,104,-13%,2,2,2,18,18,18,6.5,6.5,6.5,6.5,17.0,10.7,3.1,17.9,3.9,1.1
Jordan McRae,,O,SG,3500,WAS,@MIA,1,103,,,102,104,-1%,2,1,2,4,4,5,2.4,2.7,-0.2,5.6,0.0,0.0,0.0,0,0.0,0.0
Marshon Brooks,,,SG,3500,MEM,BKN,1,104,23,12,101,109,-4%,1,3,6,3,11,13,5.0,10.3,3.3,17.3,0.0,0.0,0.0,,0.0,0.0
